{
    "strategy": {
        "name": "Buy & Hold",
        "ticker": "QQQ",
        "category": "Benchmark"
    },
    "performance": {
        "starting_equity": 100000.0,
        "ending_equity": 123058.86537435534,
        "total_return": 0.23058865374355353,
        "cagr": 0.23146581402490862,
        "max_eod_drawdown": 0.11964449215420082,
        "max_closed_drawdown": 0.0,
        "ulcer_index": 3.4829690816355994,
        "upi": 6.645646533164529,
        "trade_metrics": {},
        "equity_curve": [
            100000.0,
            100241.86377378624,
            100554.86395162725,
            100398.36386270674,
            100533.52303041081,
            100000.0,
            98031.30001778412,
            99839.94309087677,
            99160.59043215368,
            100409.03432331498,
            100748.71065267651,
            101689.4895963009,
            101387.15987906813,
            102662.27992174997,
            102713.85381468968,
            102633.82536012806,
            102182.10919438025,
            102141.20576204875,
            100755.82429308198,
            100158.2784990219,
            99694.11346256449,
            101232.43820024899,
            100940.77894362442,
            101346.25644673663,
            101500.97812555576,
            102135.87053174463,
            100955.00622443536,
            100108.48301618354,
            100896.31869109019,
            101808.64307309267,
            101956.25111150631,
            102454.20593988975,
            102744.08678641297,
            102777.87657833897,
            103375.42237239909,
            103832.47376845102,
            104719.90040903434,
            104632.75831406724,
            104422.90592210564,
            105365.46327583143,
            106078.60572648054,
            106706.38449226393,
            105996.79886181754,
            105625.11115063133,
            105169.83816468078,
            105601.99181931354,
            106091.05459719012,
            106382.71385381471,
            106891.33914280633,
            107332.38484794594,
            106878.89027209676,
            107682.73163791571,
            107115.41881557887,
            108342.52178552376,
            108212.69784812379,
            104454.9173039303,
            106672.59470033793,
            105961.23065979016,
            106709.94131246666,
            106315.13426996265,
            107012.27102969946,
            108360.30588653743,
            108331.85132491554,
            107289.70300551307,
            108191.35692690736,
            109345.54508269609,
            111292.90414369554,
            112150.09781255558,
            112655.1662813445,
            110931.88689311757,
            111467.18833362975,
            112000.71136404056,
            109727.90325449049,
            110441.04570513962,
            108383.42521785526,
            108041.97047839232,
            110432.15365463278,
            110138.71598790682,
            110051.57389293973,
            107805.44193491021,
            107885.47038947183,
            106964.2539569625,
            105662.4577627601,
            106293.79334874624,
            103777.34305530856,
            104556.28667970834,
            107231.0154721679,
            107890.80561977593,
            108844.03343410991,
            109727.90325449049,
            109357.99395340566,
            110215.18762226572,
            110483.72754757249,
            110380.57976169305,
            110830.51751733953,
            110618.88671527656,
            110755.824293082,
            111209.3188689312,
            110848.3016183532,
            108730.21518762228,
            108184.2432865019,
            108397.6524986662,
            106388.04908411881,
            107929.93064200606,
            109336.65303218922,
            109861.2840120932,
            110375.24453138895,
            110698.91516983819,
            110691.80152943269,
            110156.50008892051,
            109900.40903432333,
            108991.64147252358,
            108781.78908056198,
            109644.31797972613,
            110608.21625466835,
            110714.9208607505,
            110085.36368486575,
            111180.86430730927,
            111273.3416325805,
            111107.94949315314,
            109921.74995553977,
            110318.33540814514,
            110225.85808287392,
            107883.69197937046,
            109341.98826249335,
            110136.93757780545,
            110483.72754757249,
            110971.0119153477,
            111975.81362262138,
            112347.5013338076,
            111675.26231548998,
            110334.34109905745,
            111091.9438022408,
            109384.67010492622,
            107472.87924595414,
            105925.66245776277,
            108164.68077538682,
            108993.41988262495,
            108488.35141383603,
            108780.01067046062,
            106567.66850435712,
            106793.52658723103,
            106683.26516094613,
            107479.99288635961,
            107069.18015294327,
            108017.07273697316,
            106702.82767206119,
            107849.90218744444,
            109413.12466654812,
            108091.76596123066,
            107746.75440156502,
            107889.02720967456,
            106733.06064378447,
            108360.30588653743,
            108034.85683798685,
            106409.39000533524,
            107830.33967632939,
            107832.11808643075,
            107817.89080561978,
            105966.56589009427,
            105338.78712431088,
            106521.42984172152,
            107040.72559132137,
            105548.63951627247,
            105214.29841721502,
            103270.49617641831,
            104454.9173039303,
            103741.77485328118,
            104422.90592210564,
            101931.35337008715,
            99939.53405655346,
            99176.59612306599,
            102534.23439445137,
            103800.46238662636,
            103919.61586341812,
            104543.83780899877,
            104559.8434999111,
            107668.50435710476,
            108397.6524986662,
            108554.15258758671,
            109676.32936155079,
            111668.14867508448,
            113231.37115418818,
            113777.34305530856,
            115265.87231015474,
            114899.51982927266,
            114462.03094433578,
            116377.3786235106,
            115721.1452961053,
            117935.26587231016,
            117997.5102258581,
            116811.31068824473,
            117524.45313889385,
            118621.73217143875,
            119759.91463631514,
            119534.05655344123,
            121084.83016183533,
            123601.280455273,
            123453.67241685934,
            126347.14565178733,
            126713.49813266941,
            125637.56002134095,
            126966.03236706385,
            127867.68628845814,
            125938.11132847235,
            125397.47465765607,
            124623.86626356038,
            126688.60039125023,
            126930.46416503648,
            127467.54401565003,
            129731.46007469324,
            129583.85203627958,
            130675.79583852037,
            131157.7449759915,
            131943.80224079674,
            132552.01849546508,
            132205.22852569804,
            131566.77929930642,
            125251.64502934378,
            127206.11773074872,
            125742.48621732173,
            123231.37115418816,
            127392.85079139251,
            128143.33985417038,
            132167.88191356926,
            129656.76685043571,
            128351.41383603061,
            131568.5577094078,
            131237.77343055312,
            126916.23688422551,
            126377.3786235106,
            127401.74284189935,
            125648.23048194915,
            128771.11861995378,
            130962.11986484085,
