{
    "strategy": {
        "name": "Buy & Hold",
        "ticker": "QQQ",
        "category": "Benchmark"
    },
    "performance": {
        "starting_equity": 100000.0,
        "ending_equity": 122761.9486924742,
        "total_return": 0.22761948692474188,
        "cagr": 0.22918095281398543,
        "max_eod_drawdown": 0.1196444921542009,
        "max_closed_drawdown": 0.0,
        "ulcer_index": 3.4899280677578517,
        "upi": 6.5669248295202145,
        "trade_metrics": {},
        "equity_curve": [
            100000.0,
            100312.24497037221,
            100156.1224851861,
            100290.9555405741,
            99758.71979562147,
            97794.76989674626,
            99599.04907213568,
            98921.33555689601,
            100166.76720008516,
            100505.623957705,
            101444.13298797146,
            101142.53273249832,
            102414.5761629351,
            102466.02561828052,
            102386.19025653764,
            101935.56399247775,
            101894.75925203138,
            100512.72043430436,
            99916.61639995743,
            99453.57130184864,
            100988.18436646205,
            100697.22882588796,
            101101.72799205195,
            101256.0763580882,
            101889.43689458183,
            100711.42177908668,
            99866.94106376184,
            100652.8758471419,
            101562.9989710109,
            101710.25086044778,
            102207.00422240359,
            102496.18564382785,
            102529.89390767484,
            103125.99794202179,
            103581.94656353121,
            104467.23201930242,
            104380.30018096016,
            104170.95412127877,
            105111.2372706951,
            105822.65904978178,
            106448.92310967605,
            105741.04956888905,
            105370.25866657204,
            104916.08416421247,
            105347.1951176241,
            105835.07788383067,
            106126.0334244048,
            106633.43150125962,
            107073.41305042047,
            106621.01266721073,
            107422.91452293936,
            106856.97051413973,
            108081.1127275308,
            107951.60202959231,
            104202.88826597595,
            106415.21484582906,
            105705.56718589221,
            106452.47134797572,
            106058.61689671078,
            106754.07160344889,
            108098.85391902919,
            108070.46801263173,
            107030.83419082424,
            107930.31259979421,
            109081.71592804173,
            111024.37639711882,
            111879.50182734273,
            112383.35166589789,
            110664.23020970088,
            111198.24007380335,
            111730.47581875598,
            109463.15154525777,
            110174.57332434446,
            108121.91746797715,
            107781.28659120746,
            110165.70272859526,
            109872.9730688713,
            109786.04123052905,
            107545.32874427848,
            107625.16410602136,
            106706.17038640316,
            105407.51516871873,
            106037.32746691268,
            103526.9488698861,
            104304.01305751693,
            106972.28825887947,
            107630.48646347088,
            108581.41432778625,
            109463.15154525777,
            109094.13476209062,
            109949.26019231451,
            110217.15218394068,
            110114.25327324982,
            110563.10541815989,
            110351.98523932867,
            110488.59241386651,
            110940.99279707627,
            110580.8466096583,
            108467.87070219636,
            107923.21612319484,
            108136.11042117588,
            106131.35578185432,
            107669.51708476742,
            109072.8453322925,
            109596.21048149593,
            110108.9309158003,
            110431.82060107158,
            110424.7241244722,
            109890.71426036973,
            109635.24110279247,
            108728.66621722316,
            108519.32015754178,
            109379.7679452152,
            110341.34052442963,
            110447.78767342014,
            109819.74949437604,
            110912.60689067877,
            111004.86108647058,
            110839.86800553525,
            109656.53053259058,
            110052.15910300537,
            109959.90490721357,
            107623.38998687152,
            109078.16768974205,
            109871.19894972145,
            110217.15218394068,
            110703.26083099742,
            111705.6381506582,
            112076.4290529752,
            111405.8120143349,
            110068.12617535393,
            110823.90093318667,
            109120.74654933826,
            107213.56846325801,
            105670.08480289536,
            107903.70081254658,
            108730.440336373,
            108226.59049781783,
            108517.54603839193,
            106310.54181598837,
            106535.85494801831,
            106425.8595607281,
            107220.66493985736,
            106810.84341624382,
            107756.44892310968,
            106445.37487137636,
            107589.68172302454,
            109149.13245573573,
            107830.96192740304,
            107486.78281233368,
            107628.71234432104,
            106475.53489692367,
            108098.85391902919,
            107774.1901146081,
            106152.64521165242,
            107570.16641237626,
            107571.94053152611,
            107557.74757832735,
            105710.88954334173,
            105084.62548344748,
            106264.41471809248,
            106782.45750984635,
            105293.97154312884,
            104960.43714295853,
            103021.32491218111,
            104202.88826597595,
            103491.46648688927,
            104170.95412127877,
            101685.41319235,
            99698.39974452685,
            98937.30262924457,
            102286.83958414647,
            103550.01241883404,
            103668.87840187347,
            104291.59422346806,
            104307.56129581663,
            107408.72156974062,
            108136.11042117588,
            108292.23290636198,
            109411.70208991236,
            111398.71553773551,
            112958.16627044673,
            113502.82084944825,
            114987.75857786609,
            114622.29003299863,
            114185.85672213745,
            116096.58304651741,
            115441.93308022567,
            117650.71142177908,
            117712.80559202356,
            116529.46811907888,
            117240.88989816557,
            118335.52141361813,
            119470.95766951708,
            119245.64453748714,
            120792.67643614946,
            123303.05503317603,
            123155.80314373913,
            126042.29500053225,
            126407.7635453997,
            125334.42145974524,
            126659.68846467728,
            127559.16687364723,
            125634.24759606856,
            125094.91537451655,
            124323.17354433524,
            126382.92587730192,
            126624.20608168044,
            127159.99006493276,
            129418.44374268176,
            129271.19185324486,
            130360.5010112479,
            130841.28730085513,
            131625.44796508533,
            132232.19671433134,
            131886.2434801121,
            131249.3347053188,
            124949.43760422949,
            126899.19454990597,
            125439.09448958591,
            122934.03825000886,
            127085.4770606394,
            127834.15534187276,
            131848.98697796543,
            129343.93073838839,
            128041.72728240429,
            131251.10882446865,
            130921.12266259803,
            126610.0131284817,
            126072.45502607955,
            127094.3476563886,
            125345.0661746443,
            128460.41940176704,
            130646.1341943725,
            128653.7983890998,
