{
    "strategy": {
        "name": "LowHigh",
        "ticker": "QLD",
        "category": "EasyMode"
    },
    "performance": {
        "starting_equity": 100000.0,
        "ending_equity": 116159.47302520736,
        "total_return": 0.16159473025207371,
        "cagr": 0.1626737417637143,
        "max_eod_drawdown": 0.14478215301691885,
        "max_closed_drawdown": 0.06552203910619298,
        "ulcer_index": 4.700514069324713,
        "upi": 3.460764915593251,
        "trade_metrics": {
            "trade_count": 15,
            "win_rate": 0.7333333333333333,
            "profit_factor": 2.4266609316829606,
            "expectancy": 1077.2982016804935,
            "average_win": 2498.750180547753,
            "average_loss": -2831.6947402044716,
            "max_consecutive_wins": 4,
            "max_consecutive_losses": 1
        },
        "equity_curve": [
            100000.0,
            100000.0,
            100000.0,
            100000.0,
            100000.0,
            96018.92641540218,
            99543.15549029205,
            99543.15549029205,
            99543.15549029205,
            99543.15549029205,
            99543.15549029205,
            99543.15549029205,
            99543.15549029205,
            99543.15549029205,
            99543.15549029205,
            99543.15549029205,
            99543.15549029205,
            99543.15549029205,
            98321.96423649669,
            97422.13910212117,
            100394.77570675458,
            100394.77570675458,
            100394.77570675458,
            100394.77570675458,
            100394.77570675458,
            100394.77570675458,
            100394.77570675458,
            101925.63554291267,
            101925.63554291267,
            101925.63554291267,
            101925.63554291267,
            101925.63554291267,
            101925.63554291267,
            101925.63554291267,
            101925.63554291267,
            101925.63554291267,
            101925.63554291267,
            101925.63554291267,
            101925.63554291267,
            101925.63554291267,
            101925.63554291267,
            101925.63554291267,
            101925.63554291267,
            101925.63554291267,
            101925.63554291267,
            101925.63554291267,
            101925.63554291267,
            101925.63554291267,
            101925.63554291267,
            101925.63554291267,
            101925.63554291267,
            101925.63554291267,
            101925.63554291267,
            101925.63554291267,
            101925.63554291267,
            106260.92005635875,
            104851.95258948878,
            106276.40321533535,
            105486.7621075291,
            106833.7969384927,
            109496.90028246673,
            109496.90028246673,
            109496.90028246673,
            109496.90028246673,
            109496.90028246673,
            109496.90028246673,
            109496.90028246673,
            109496.90028246673,
            109496.90028246673,
            109496.90028246673,
            109496.90028246673,
            109496.90028246673,
            110937.05056999745,
            106798.5134279355,
            106070.8585458147,
            110724.81789604554,
            110724.81789604554,
            110724.81789604554,
            110724.81789604554,
            110836.27514730701,
            108941.50187586188,
            106298.37277451827,
            107492.55760946267,
            102429.21390929837,
            103941.8480335613,
            109307.71855857817,
            109307.71855857817,
            109307.71855857817,
            109307.71855857817,
            109307.71855857817,
            109307.71855857817,
            109307.71855857817,
            109307.71855857817,
            109307.71855857817,
            109307.71855857817,
            109307.71855857817,
            109307.71855857817,
            109307.71855857817,
            109307.71855857817,
            108203.12874678495,
            108623.18402732602,
            104547.09204577928,
            107596.38223044784,
            110412.30837037136,
            110412.30837037136,
            110412.30837037136,
            110412.30837037136,
            110412.30837037136,
            110412.30837037136,
            110412.30837037136,
            110412.30837037136,
            109925.77225672796,
            111652.19072449494,
            113629.72460575533,
            113629.72460575533,
            113629.72460575533,
            113629.72460575533,
            113629.72460575533,
            113629.72460575533,
            113629.72460575533,
            113629.72460575533,
            113629.72460575533,
            113629.72460575533,
            116624.7704996889,
            116624.7704996889,
            116624.7704996889,
            116624.7704996889,
            116624.7704996889,
            116624.7704996889,
            116624.7704996889,
            116624.7704996889,
            116624.7704996889,
            116624.7704996889,
            112516.39790254075,
            109302.59030638456,
            113858.24540402865,
            113858.24540402865,
            113858.24540402865,
            113858.24540402865,
            113858.24540402865,
            114251.27251558391,
            113994.95048630873,
            115669.58774423983,
            115669.58774423983,
            115669.58774423983,
            115669.58774423983,
            115669.58774423983,
            115669.58774423983,
            115669.58774423983,
            115669.58774423983,
            115669.58774423983,
            115669.58774423983,
            115669.58774423983,
            115669.58774423983,
            115669.58774423983,
            115669.58774423983,
            115669.58774423983,
            115669.58774423983,
            115669.58774423983,
            115669.58774423983,
            118226.11804523307,
            119406.05510722997,
            116009.26659542076,
            115258.39755596819,
            110985.59516479766,
            113560.00330006359,
            111897.36471270435,
            113327.59145451876,
            107964.24117271474,
            103709.31661581689,
            102118.18936554836,
            108983.2777262575,
            108983.2777262575,
            108983.2777262575,
            108983.2777262575,
            108983.2777262575,
            108983.2777262575,
            108983.2777262575,
            108983.2777262575,
            108983.2777262575,
            108983.2777262575,
            108983.2777262575,
            108983.2777262575,
            108983.2777262575,
            108983.2777262575,
            108983.2777262575,
            108983.2777262575,
            108983.2777262575,
            108983.2777262575,
            108983.2777262575,
            108983.2777262575,
            108983.2777262575,
            108983.2777262575,
            108983.2777262575,
            108983.2777262575,
            108983.2777262575,
            108983.2777262575,
            108983.2777262575,
            108983.2777262575,
            108983.2777262575,
            108983.2777262575,
            108983.2777262575,
            108983.2777262575,
            108983.2777262575,
            108983.2777262575,
            108983.2777262575,
            108983.2777262575,
            108983.2777262575,
            108983.2777262575,
            108983.2777262575,
            108983.2777262575,
            108983.2777262575,
            108983.2777262575,
            108983.2777262575,
            108983.2777262575,
            108983.2777262575,
            108983.2777262575,
            108983.2777262575,
            112283.95589610728,
            109689.6959323508,
            105292.85158063211,
            112198.69852640636,
            112198.69852640636,
            112198.69852640636,
            112198.69852640636,
            112198.69852640636,
