{
    "strategy": {
        "name": "RSI PriceSolver",
        "ticker": "QQQ",
        "category": "EasyMode"
    },
    "performance": {
        "starting_equity": 100000.0,
        "ending_equity": 118310.88245656218,
        "total_return": 0.18310882456562183,
        "cagr": 0.18379217605845977,
        "max_eod_drawdown": 0.034048026503291265,
        "max_closed_drawdown": 0.014022006301654647,
        "ulcer_index": 0.696102496474211,
        "upi": 26.403033603438434,
        "trade_metrics": {
            "trade_count": 23,
            "win_rate": 0.8260869565217391,
            "profit_factor": 5.2604097979388555,
            "expectancy": 796.1253241983553,
            "average_win": 1189.936748758255,
            "average_loss": -1074.4789424611686,
            "max_consecutive_wins": 6,
            "max_consecutive_losses": 1
        },
        "equity_curve": [
            100000.0,
            100000.0,
            100000.0,
            100000.0,
            100000.0,
            100000.0,
            100000.0,
            101844.96489668559,
            101844.96489668559,
            101844.96489668559,
            101844.96489668559,
            101844.96489668559,
            101844.96489668559,
            101844.96489668559,
            101844.96489668559,
            101844.96489668559,
            101844.96489668559,
            101844.96489668559,
            101844.96489668559,
            101240.95980966263,
            100771.77728670729,
            102326.73085895392,
            102326.73085895392,
            102326.73085895392,
            102326.73085895392,
            102326.73085895392,
            102326.73085895392,
            102326.73085895392,
            103132.02374361608,
            103132.02374361608,
            103132.02374361608,
            103132.02374361608,
            103132.02374361608,
            103132.02374361608,
            103132.02374361608,
            103132.02374361608,
            103132.02374361608,
            103132.02374361608,
            103132.02374361608,
            103132.02374361608,
            103132.02374361608,
            103132.02374361608,
            103132.02374361608,
            103132.02374361608,
            103132.02374361608,
            103132.02374361608,
            103132.02374361608,
            103132.02374361608,
            103132.02374361608,
            103132.02374361608,
            103132.02374361608,
            103132.02374361608,
            103132.02374361608,
            103132.02374361608,
            103132.02374361608,
            103132.02374361607,
            105321.61484957146,
            105321.61484957146,
            105321.61484957146,
            105321.61484957146,
            105321.61484957146,
            105321.61484957146,
            105321.61484957146,
            105321.61484957146,
            105321.61484957146,
            105321.61484957146,
            105321.61484957146,
            105321.61484957146,
            105321.61484957146,
            105321.61484957146,
            105321.61484957146,
            105321.61484957146,
            105321.61484957146,
            105321.61484957146,
            105321.61484957146,
            104989.8061390976,
            107312.4671124145,
            107312.4671124145,
            107312.4671124145,
            107312.46711241448,
            107392.12961130193,
            106475.12573521967,
            105179.28241998373,
            105807.73102231811,
            105807.73102231811,
            106601.91456051216,
            106601.91456051216,
            106601.91456051216,
            106601.91456051216,
            106601.91456051216,
            106601.91456051216,
            106601.91456051216,
            106601.91456051216,
            106601.91456051216,
            106601.91456051216,
            106601.91456051216,
            106601.91456051216,
            106601.91456051216,
            106601.91456051216,
            106601.91456051216,
            106066.62959068804,
            106275.861500717,
            104305.59434794418,
            105817.2948979035,
            105817.2948979035,
            105817.2948979035,
            105817.2948979035,
            105817.2948979035,
            105817.2948979035,
            105817.2948979035,
            105817.2948979035,
            105817.2948979035,
            105613.55438950105,
            106450.96241132468,
            106450.96241132468,
            106450.96241132468,
            106450.96241132468,
            106450.96241132468,
            106450.96241132468,
            106450.96241132468,
            106450.96241132468,
            106835.02564835692,
            106835.02564835692,
            106835.02564835692,
            108279.14679356327,
            108279.14679356327,
            108279.14679356327,
            108279.14679356327,
            108279.14679356327,
            108279.14679356327,
            108279.14679356327,
            108279.14679356327,
            108279.14679356327,
            108279.14679356327,
            106386.6779233033,
            104855.09846551149,
            107071.48758891365,
            107071.48758891365,
            107071.48758891365,
            107071.48758891365,
            107071.48758891365,
            107298.41345917703,
            107298.41345917703,
            107298.41345917703,
            107298.41345917703,
            107298.41345917703,
            107298.41345917703,
            107298.41345917703,
            107298.41345917703,
            107298.41345917703,
            107298.41345917703,
            107298.41345917703,
            107298.41345917703,
            108934.27803387621,
            108934.27803387621,
            108934.27803387621,
            110388.94407908573,
            110388.94407908573,
            110388.94407908573,
            110388.94407908573,
            109734.96577481591,
            110966.96456331288,
            110966.96456331288,
            110966.96456331288,
            110966.96456331288,
            108916.88356085015,
            110166.06375082287,
            110166.06375082287,
            110166.06375082287,
            110166.06375082287,
            108013.3316794829,
            107188.75841287142,
            110817.64961884452,
            110817.64961884452,
            110817.64961884452,
            110817.64961884452,
            110817.64961884452,
            110817.64961884452,
            110817.64961884452,
            110817.64961884452,
            110817.64961884452,
            110817.64961884452,
            110817.64961884452,
            110817.64961884452,
            110817.64961884452,
            110817.64961884452,
            110817.64961884452,
            110817.64961884452,
            110817.64961884452,
            110817.64961884452,
            110817.64961884452,
            110817.64961884452,
            110817.64961884452,
            110817.64961884452,
            110817.64961884452,
            110817.64961884452,
            110817.64961884452,
            110817.64961884452,
            110817.64961884452,
            110817.64961884452,
            110817.64961884452,
            110817.64961884452,
            110817.64961884452,
            110817.64961884452,
            110817.64961884452,
            110817.64961884452,
            110817.64961884452,
            110817.64961884452,
            110817.64961884452,
            110817.64961884452,
            110817.64961884452,
            110817.64961884452,
            110817.64961884452,
            110817.64961884452,
            110817.64961884452,
            110817.64961884452,
            110817.64961884452,
            110817.64961884452,
            110817.64961884452,
            112546.88895109558,
            112546.88895109559,
            110299.29391257007,
            114024.06189426252,
            114024.06189426252,
