{
    "strategy": {
        "name": "UlcerShield",
        "ticker": "QQQ",
        "category": "EasyMode"
    },
    "performance": {
        "starting_equity": 100000.0,
        "ending_equity": 112512.89552278875,
        "total_return": 0.12512895522788758,
        "cagr": 0.1255845765293968,
        "max_eod_drawdown": 0.020467539342260085,
        "max_closed_drawdown": 0.0066480182555152135,
        "ulcer_index": 0.25034063847879734,
        "upi": 50.165477444059974,
        "trade_metrics": {
            "trade_count": 72,
            "win_rate": 0.8194444444444444,
            "profit_factor": 6.786813787062582,
            "expectancy": 164.48705203386268,
            "average_win": 235.41743736317724,
            "average_loss": -157.42777369148791,
            "max_consecutive_wins": 23,
            "max_consecutive_losses": 3
        },
        "equity_curve": [
            100000.0,
            100000.0,
            100000.0,
            100000.0,
            100000.0,
            100000.0,
            99606.26000355682,
            100705.97457684958,
            100705.97457684958,
            100705.97457684958,
            100705.97457684958,
            100705.97457684958,
            100705.97457684958,
            100705.97457684958,
            100705.97457684958,
            100705.97457684958,
            100705.97457684958,
            100705.97457684958,
            100432.79160441039,
            100195.5116908213,
            99917.85539711082,
            100838.05729005938,
            100838.05729005938,
            100838.05729005938,
            100838.05729005938,
            100838.05729005938,
            100838.05729005938,
            100668.9487753587,
            100985.048838953,
            100985.048838953,
            100985.048838953,
            100985.048838953,
            100985.048838953,
            100985.048838953,
            100985.048838953,
            100985.048838953,
            100985.048838953,
            100985.048838953,
            100985.048838953,
            100985.048838953,
            100985.048838953,
            100985.048838953,
            100985.048838953,
            100985.048838953,
            100985.048838953,
            101068.04042414624,
            101068.04042414624,
            101068.04042414624,
            101068.04042414624,
            101068.04042414624,
            101068.04042414624,
            101068.04042414624,
            101068.04042414624,
            101068.04042414624,
            101068.04042414624,
            101068.04042414624,
            102355.50288852601,
            102355.50288852601,
            102355.50288852601,
            102355.50288852601,
            102355.50288852601,
            102355.50288852601,
            102355.50288852601,
            102355.50288852601,
            102355.50288852601,
            102355.50288852601,
            102355.50288852601,
            102355.50288852601,
            102355.50288852601,
            102355.50288852601,
            102355.50288852601,
            102355.50288852601,
            102355.50288852601,
            102488.54845305858,
            102488.54845305858,
            102359.39512342488,
            103263.46843086064,
            103263.46843086064,
            103263.46843086064,
            103263.46843086064,
            103294.13113449738,
            102941.16934596779,
            102191.03812519346,
            102554.83127188048,
            102554.83127188048,
            103170.64531852111,
            103170.64531852111,
            103170.64531852111,
            103170.64531852111,
            103170.64531852111,
            103170.64531852111,
            103170.64531852111,
            103170.64531852111,
            103170.64531852111,
            103170.64531852111,
            103170.64531852111,
            103170.64531852111,
            103170.64531852111,
            103170.64531852111,
            103170.64531852111,
            102963.42316498386,
            103085.12588402168,
            102322.38636122983,
            103206.65367019095,
            103206.65367019095,
            103206.65367019095,
            103206.65367019095,
            103206.65367019095,
            103206.65367019095,
            103206.65367019095,
            103206.65367019095,
            103035.97030360207,
            102956.81334416638,
            103282.16186388084,
            103282.16186388084,
            103282.16186388084,
            103282.16186388084,
            103282.16186388084,
            103282.16186388084,
            103282.16186388084,
            103282.16186388087,
            103431.21408666813,
            103431.21408666813,
            103431.21408666813,
            104270.0805675649,
            104270.0805675649,
            104270.0805675649,
            104270.0805675649,
            104270.0805675649,
            104270.0805675649,
            104270.0805675649,
            104270.08056756492,
            104413.27314770315,
            104413.27314770315,
            103683.31220905369,
            102791.91919597326,
            104523.2875867113,
            104523.2875867113,
            104523.2875867113,
            104523.2875867113,
            104523.2875867113,
            104611.8976864961,
            104590.26844954076,
            104746.55712947616,
            104746.55712947616,
            104746.55712947616,
            104746.55712947616,
            104746.55712947616,
            104746.55712947616,
            104746.55712947616,
            104746.55712947616,
            104746.55712947616,
            104746.55712947618,
            105385.34078565765,
            105385.34078565765,
            105385.34078565765,
            105948.25075181562,
            105948.25075181562,
            105948.25075181562,
            105948.25075181562,
            105697.18264732361,
            106408.05500956846,
            106408.05500956846,
            106408.05500956846,
            106340.64232433915,
            105555.54514058559,
            106278.01129652216,
            106278.01129652216,
            106278.01129652216,
            106278.01129652216,
            105031.95742690003,
            104230.14395732674,
            107758.87083507581,
            107758.87083507581,
            107758.87083507581,
            107758.87083507581,
            107758.87083507581,
            107758.87083507581,
            107758.87083507581,
            107758.87083507581,
            107758.87083507581,
            107758.87083507581,
            107758.87083507581,
            107758.87083507581,
            107758.87083507581,
            107758.87083507581,
            107758.87083507581,
            107758.87083507581,
            107758.87083507581,
            107758.87083507581,
            107758.87083507581,
            107758.87083507581,
            107758.87083507581,
            107758.87083507581,
            107758.87083507581,
            107758.87083507581,
            107758.87083507581,
            107758.87083507581,
            107758.87083507581,
            107758.87083507581,
            107758.87083507581,
            107758.87083507581,
            107758.87083507581,
            107758.87083507581,
            107758.87083507581,
            107758.87083507581,
            107625.91254824608,
            107980.77363102614,
            107980.77363102614,
            107980.77363102614,
            107980.77363102614,
            107980.77363102614,
            107980.77363102614,
            107980.77363102614,
            107980.77363102614,
            107980.77363102614,
            107980.77363102614,
            107980.77363102614,
            107980.77363102614,
            108991.75663706483,
            108991.75663706483,
            108121.11744395806,
            110300.08401499077,
            110300.08401499077,
            110300.08401499077,
